{"inputUnits":[34],"outputUnits":3,"inputs":{"0":{"dtype":"number","min":252.1592114543357,"max":437.5736068517376},"1":{"dtype":"number","min":134.4571208396153,"max":266.1748803568165},"2":{"dtype":"number","min":246.57892952188413,"max":446.3140458670276},"3":{"dtype":"number","min":126.63680703086925,"max":263.3534324006495},"4":{"dtype":"number","min":243.96148473431026,"max":427.2495696605065},"5":{"dtype":"number","min":125.41031032510202,"max":271.97149741486965},"6":{"dtype":"number","min":251.55904847976058,"max":460.5951305486073},"7":{"dtype":"number","min":136.26151815492506,"max":252.3319290488319},"8":{"dtype":"number","min":244.31419208965337,"max":411.58919782434054},"9":{"dtype":"number","min":135.9697942008749,"max":279.0317395974321},"10":{"dtype":"number","min":306.4347158212643,"max":488.74483997129323},"11":{"dtype":"number","min":175.74857120625455,"max":268.36960522984435},"12":{"dtype":"number","min":291.2185906899138,"max":384.096887599655},"13":{"dtype":"number","min":180.2787267673782,"max":299.07425177724735},"14":{"dtype":"number","min":338.0928933364838,"max":524.3457459566886},"15":{"dtype":"number","min":134.8812919750548,"max":354.70959787945066},"16":{"dtype":"number","min":226.08819020886634,"max":396.46170989811765},"17":{"dtype":"number","min":120.5743075067769,"max":373.4648527922453},"18":{"dtype":"number","min":326.65347569634804,"max":590.9265446058723},"19":{"dtype":"number","min":67.05784431442646,"max":429.6974107768335},"20":{"dtype":"number","min":156.0418998614157,"max":456.9413665117111},"21":{"dtype":"number","min":30.402044404087476,"max":454.1062382926717},"22":{"dtype":"number","min":304.2129534448099,"max":448.42752259609523},"23":{"dtype":"number","min":255.1618148476524,"max":403.7248482806408},"24":{"dtype":"number","min":255.1957122624269,"max":401.75151088781524},"25":{"dtype":"number","min":284.21814708449455,"max":397.712142825359},"26":{"dtype":"number","min":292.9359004743847,"max":435.18376757526954},"27":{"dtype":"number","min":341.7815933078818,"max":513.696038021214},"28":{"dtype":"number","min":244.31741487677797,"max":389.0041917945906},"29":{"dtype":"number","min":363.75966211508586,"max":517.630242316114},"30":{"dtype":"number","min":245.35800331517268,"max":433.8055187916895},"31":{"dtype":"number","min":389.7893597043281,"max":557.8279726500632},"32":{"dtype":"number","min":219.46274914471957,"max":399.41514338666235},"33":{"dtype":"number","min":448.6052746986552,"max":558.1644362734074}},"outputs":{"0":{"dtype":"number","min":106,"max":255},"1":{"dtype":"number","min":0,"max":159},"2":{"dtype":"number","min":0,"max":255}},"isNormalized":true}