{
  "inputUnits": [34],
  "outputUnits": 4,
  "inputs": {
    "0": {
      "dtype": "number",
      "min": 217.30146456415423,
      "max": 408.1786734597725
    },
    "1": {
      "dtype": "number",
      "min": 115.39145932560078,
      "max": 195.42394954093947
    },
    "2": {
      "dtype": "number",
      "min": 225.06591558921173,
      "max": 419.11554441582155
    },
    "3": {
      "dtype": "number",
      "min": 108.19085610075535,
      "max": 189.45441530461898
    },
    "4": {
      "dtype": "number",
      "min": 206.876565736172,
      "max": 405.127861513729
    },
    "5": {
      "dtype": "number",
      "min": 106.24012015716374,
      "max": 184.87050909745062
    },
    "6": {
      "dtype": "number",
      "min": 243.8416559468468,
      "max": 422.08917004323143
    },
    "7": {
      "dtype": "number",
      "min": 112.36518369083515,
      "max": 200.02202991388924
    },
    "8": {
      "dtype": "number",
      "min": 197.20611170718544,
      "max": 382.12073402330424
    },
    "9": {
      "dtype": "number",
      "min": 109.9845240780717,
      "max": 187.90791769938625
    },
    "10": {
      "dtype": "number",
      "min": 264.82486241509804,
      "max": 422.26427609925145
    },
    "11": {
      "dtype": "number",
      "min": 165.80246834262303,
      "max": 263.960797642639
    },
    "12": {
      "dtype": "number",
      "min": 183.44573587934408,
      "max": 346.150997526232
    },
    "13": {
      "dtype": "number",
      "min": 146.91063715468138,
      "max": 242.13459066944978
    },
    "14": {
      "dtype": "number",
      "min": 271.55700207686095,
      "max": 491.80683693690605
    },
    "15": {
      "dtype": "number",
      "min": 110.92059813977215,
      "max": 349.18461195441944
    },
    "16": {
      "dtype": "number",
      "min": 113.23403996101364,
      "max": 320.7637456704301
    },
    "17": {
      "dtype": "number",
      "min": 106.194071332846,
      "max": 294.02355647691274
    },
    "18": {
      "dtype": "number",
      "min": 264.87192849201995,
      "max": 504.8749856037935
    },
    "19": {
      "dtype": "number",
      "min": 48.56462207221611,
      "max": 349.1682615521823
    },
    "20": {
      "dtype": "number",
      "min": 72.71500258417854,
      "max": 363.2539781120553
    },
    "21": {
      "dtype": "number",
      "min": 19.198169373629383,
      "max": 340.2867754068058
    },
    "22": {
      "dtype": "number",
      "min": 191.08313428495825,
      "max": 415.94202796385764
    },
    "23": {
      "dtype": "number",
      "min": 228.4976166544834,
      "max": 401.7736991897196
    },
    "24": {
      "dtype": "number",
      "min": 124.85489337764984,
      "max": 349.72067433258707
    },
    "25": {
      "dtype": "number",
      "min": 314.4117602967379,
      "max": 396.7174717417934
    },
    "26": {
      "dtype": "number",
      "min": 242.02330546537104,
      "max": 424.3889839514422
    },
    "27": {
      "dtype": "number",
      "min": 302.08583690502024,
      "max": 516.4561605174639
    },
    "28": {
      "dtype": "number",
      "min": 150.4786292479517,
      "max": 350.81688418025857
    },
    "29": {
      "dtype": "number",
      "min": 417.82980125085186,
      "max": 518.2569302267034
    },
    "30": {
      "dtype": "number",
      "min": 235.0756374901963,
      "max": 422.1310418855842
    },
    "31": {
      "dtype": "number",
      "min": 382.176860787018,
      "max": 560.3614426402785
    },
    "32": {
      "dtype": "number",
      "min": 142.75562070731297,
      "max": 350.91267368249726
    },
    "33": {
      "dtype": "number",
      "min": 472.9289926748294,
      "max": 561.3420331036602
    }
  },
  "outputs": {
    "0": {
      "dtype": "string",
      "min": 0,
      "max": 1,
      "uniqueValues": ["y", "m", "c", "a"],
      "legend": {
        "y": [1, 0, 0, 0],
        "m": [0, 1, 0, 0],
        "c": [0, 0, 1, 0],
        "a": [0, 0, 0, 1]
      }
    }
  },
  "isNormalized": true
}