{
  "inputUnits": [34],
  "outputUnits": 4,
  "inputs": {
    "0": {
      "dtype": "number",
      "min": 139.38858084278962,
      "max": 667.8249545032285
    },
    "1": {
      "dtype": "number",
      "min": -24.873170610989284,
      "max": 374.66211627566094
    },
    "2": {
      "dtype": "number",
      "min": 163.5374873051634,
      "max": 655.8194975081475
    },
    "3": {
      "dtype": "number",
      "min": -30.98595156307109,
      "max": 353.4771770157544
    },
    "4": {
      "dtype": "number",
      "min": 138.11976843642444,
      "max": 656.7464597229837
    },
    "5": {
      "dtype": "number",
      "min": -26.728604262800012,
      "max": 360.6998773764448
    },
    "6": {
      "dtype": "number",
      "min": 203.94204033745658,
      "max": 656.5988177026225
    },
    "7": {
      "dtype": "number",
      "min": -24.24880416304977,
      "max": 365.1990382620233
    },
    "8": {
      "dtype": "number",
      "min": 127.29157148513644,
      "max": 653.9113457811738
    },
    "9": {
      "dtype": "number",
      "min": -25.93722218890869,
      "max": 372.43709809598863
    },
    "10": {
      "dtype": "number",
      "min": 216.06425651565164,
      "max": 658.1557031821089
    },
    "11": {
      "dtype": "number",
      "min": 33.60487196180554,
      "max": 390.9462400440119
    },
    "12": {
      "dtype": "number",
      "min": 126.9213224712171,
      "max": 654.4739887914229
    },
    "13": {
      "dtype": "number",
      "min": 43.188500357882546,
      "max": 411.4644582648026
    },
    "14": {
      "dtype": "number",
      "min": 161.95490965369152,
      "max": 666.5010246291728
    },
    "15": {
      "dtype": "number",
      "min": 124.61345114903142,
      "max": 491.3707829823038
    },
    "16": {
      "dtype": "number",
      "min": 70.01812018381457,
      "max": 648.2796735559058
    },
    "17": {
      "dtype": "number",
      "min": 109.25677978039715,
      "max": 490.6557353058753
    },
    "18": {
      "dtype": "number",
      "min": 213.0587393777412,
      "max": 664.8005994532773
    },
    "19": {
      "dtype": "number",
      "min": 57.60924028839051,
      "max": 514.2497791788498
    },
    "20": {
      "dtype": "number",
      "min": 6.617655317221003,
      "max": 685.5107964409722
    },
    "21": {
      "dtype": "number",
      "min": 34.24355668631213,
      "max": 473.53471841496093
    },
    "22": {
      "dtype": "number",
      "min": 130.8189650864629,
      "max": 657.5822606374878
    },
    "23": {
      "dtype": "number",
      "min": 228.4211192586501,
      "max": 526.878625226532
    },
    "24": {
      "dtype": "number",
      "min": 70.43474401879264,
      "max": 658.0889095432809
    },
    "25": {
      "dtype": "number",
      "min": 238.1262908995035,
      "max": 536.455097161306
    },
    "26": {
      "dtype": "number",
      "min": 140.11502832929526,
      "max": 656.2971672072978
    },
    "27": {
      "dtype": "number",
      "min": 275.0015086272539,
      "max": 579.0465404369213
    },
    "28": {
      "dtype": "number",
      "min": 72.32329489427235,
      "max": 651.8631998697916
    },
    "29": {
      "dtype": "number",
      "min": 275.40623596072425,
      "max": 581.4479942396138
    },
    "30": {
      "dtype": "number",
      "min": 135.9337864331102,
      "max": 663.696448491563
    },
    "31": {
      "dtype": "number",
      "min": 300.51321405183967,
      "max": 564.9348690635279
    },
    "32": {
      "dtype": "number",
      "min": 79.23368844372487,
      "max": 653.0647845946789
    },
    "33": {
      "dtype": "number",
      "min": 301.67651289852506,
      "max": 565.3853531329952
    }
  },
  "outputs": {
    "0": {
      "dtype": "string",
      "min": 0,
      "max": 1,
      "uniqueValues": ["y", "m", "c", "a"],
      "legend": {
        "y": [1, 0, 0, 0],
        "m": [0, 1, 0, 0],
        "c": [0, 0, 1, 0],
        "a": [0, 0, 0, 1]
      }
    }
  },
  "isNormalized": true
}